<?xml version="1.0"?>
<map>
	<properties>
		<name>official_map.xml</name>
		<version>1</version>
		<format>1</format>
	</properties>

	<metadata>
		<param type="text" name="COMMENT">Official FIFE 2007.1 example map. Some testing fun for modders, not more, not less :-)</param>
		<param type="text" name="AUTHOR">barra</param>
		<param name="_START_ELEVATION" type="id">1</param>
	</metadata>

	<archetypes>
		<!-- Load tile archetypes -->
		<archetype type="XML" source="content/archetypes/tiles/example_map_tiles.xml" />

		<!-- Load object archetypes -->
		<!-- Generic object prototypes -->
		<archetype type="XML" source="content/archetypes/objects/generic/generic.xml" />

		<!-- Map specific prototypes -->
		<archetype type="XML" source="content/archetypes/objects/beach/beach_ball.xml" />
		<archetype type="XML" source="content/archetypes/objects/beach/box.xml" />
		<archetype type="XML" source="content/archetypes/objects/beach/deck_chair.xml" />
		<archetype type="XML" source="content/archetypes/objects/beach/extinguisher.xml" />
		<archetype type="XML" source="content/archetypes/objects/beach/life_belt.xml" />
		<archetype type="XML" source="content/archetypes/objects/beach/mussel.xml" />
		<archetype type="XML" source="content/archetypes/objects/beach/plant.xml" />
		<archetype type="XML" source="content/archetypes/objects/beach/pool.xml" />
		<archetype type="XML" source="content/archetypes/objects/beach/quay.xml" />
		<archetype type="XML" source="content/archetypes/objects/beach/rocks.xml" />
		<archetype type="XML" source="content/archetypes/objects/beach/root.xml" />
		<archetype type="XML" source="content/archetypes/objects/beach/skull.xml" />
		<archetype type="XML" source="content/archetypes/objects/beach/starfish.xml" />
		<archetype type="XML" source="content/archetypes/objects/beach/sunshade.xml" />

		<archetype type="XML" source="content/archetypes/objects/bushes/bush.xml" />
		<archetype type="XML" source="content/archetypes/objects/mushroom/mushroom.xml" />
		<archetype type="XML" source="content/archetypes/objects/trees/tree.xml" />

		<archetype type="XML" source="content/archetypes/objects/animated_objects/crate.xml" />

		<!-- Load NPC archetypes -->
		<archetype type="XML" source="content/archetypes/critters/humans/beekeeper.xml" />
		<archetype type="XML" source="content/archetypes/critters/humans/boy.xml" />
		<archetype type="XML" source="content/archetypes/critters/humans/girl.xml" />
	</archetypes>

	<!-- We can't use geometry 0 or 1 as these are the predefined Fallout tile and object geometries. 
	Therefore they should NOT be redefined without causing havoc. So we simply use IDs 2 & 3 for our custom geometries. -->
	<geometries>
		<!-- TILE GEOMETRY -->
		<geometry>
			<id>2</id>
			<type>RECTANGULAR</type>
			<size><x>126</x><y>96</y></size>
			<!-- We use x/2 & y/2 as transform values to get real diamond-shaped tiles -->
			<transform><x>63</x><y>48</y></transform>
		</geometry>

		<!-- OBJECT GEOMETRY -->
		<geometry>
			<id>3</id>
			<type>RECTANGULAR</type>
			<size><x>32</x><y>24</y></size>
			<transform><x>16</x><y>12</y></transform>
			<!-- Does anyone have a clue what this flag causes?
			<flags>1</flags>
			-->
		</geometry>
	</geometries>

	<elevation>
		<properties>
			<refgrid>0</refgrid>
		</properties>
		<metadata>
			<param name="_START_POSITION" type="Point"><x>6</x><y>7</y></param>
		</metadata>

		<!-- TILE LAYER -->
		<layer>
			<properties>
				<size><x>25</x><y>25</y></size>
				<geometry>2</geometry>
			</properties>
			<metadata>
				<param name="_OVERLAY_IMAGE" type="text">content/gfx/tiles/tile_outline_diamond.png</param>
				<param name="_OVERLAY_IMAGE_OFFSET" type="Point"><x>0</x><y>0</y></param>
			</metadata>
			<data>
				<!-- TILE DATA, SPLIT INTO 25 COLUMNS (0 - 24) OF 5*5 TILE CHUNKS -->
				<!-- COLUMN 0 -->
				<tile gid="15201" /><tile gid="15201" /><tile gid="15201" /><tile gid="15201" /><tile gid="15201" />
				<tile gid="15201" /><tile gid="15201" /><tile gid="15201" /><tile gid="15201" /><tile gid="15201" />
				<tile gid="15162" /><tile gid="15161" /><tile gid="15006" /><tile gid="15006" /><tile gid="15006" />
				<tile gid="15006" /><tile gid="15006" /><tile gid="15006" /><tile gid="15006" /><tile gid="15006" />
				<tile gid="15006" /><tile gid="15006" /><tile gid="15006" /><tile gid="15006" /><tile gid="15006" />

				<!-- COLUMN 1 -->
				<tile gid="15201" /><tile gid="15201" /><tile gid="15201" /><tile gid="15201" /><tile gid="15201" />
				<tile gid="15201" /><tile gid="15201" /><tile gid="15201" /><tile gid="15201" /><tile gid="15201" />
				<tile gid="15152" /><tile gid="15006" /><tile gid="15006" /><tile gid="15006" /><tile gid="15006" />
				<tile gid="15006" /><tile gid="15006" /><tile gid="15006" /><tile gid="15006" /><tile gid="15006" />
				<tile gid="15006" /><tile gid="15006" /><tile gid="15006" /><tile gid="15006" /><tile gid="15006" />

				<!-- COLUMN 2 -->
				<tile gid="15201" /><tile gid="15201" /><tile gid="15201" /><tile gid="15201" /><tile gid="15162" />
				<tile gid="15171" /><tile gid="15172" /><tile gid="15173" /><tile gid="15182" /><tile gid="15172" />
				<tile gid="15161" /><tile gid="15006" /><tile gid="15006" /><tile gid="15006" /><tile gid="15006" />
				<tile gid="15006" /><tile gid="15006" /><tile gid="15006" /><tile gid="15006" /><tile gid="15006" />
				<tile gid="15006" /><tile gid="15006" /><tile gid="15006" /><tile gid="15006" /><tile gid="15006" />

				<!-- COLUMN 3 -->
				<tile gid="15201" /><tile gid="15201" /><tile gid="15201" /><tile gid="15201" /><tile gid="15153" />
				<tile gid="15006" /><tile gid="15122" /><tile gid="15131" /><tile gid="15184" /><tile gid="15133" />
				<tile gid="15131" /><tile gid="15131" /><tile gid="15141" /><tile gid="15006" /><tile gid="15006" />
				<tile gid="15006" /><tile gid="15006" /><tile gid="15006" /><tile gid="15006" /><tile gid="15006" />
				<tile gid="15006" /><tile gid="15006" /><tile gid="15006" /><tile gid="15006" /><tile gid="15006" />

				<!-- COLUMN 4 -->
				<tile gid="15201" /><tile gid="15201" /><tile gid="15201" /><tile gid="15162" /><tile gid="15161" />
				<tile gid="15122" /><tile gid="15121" /><tile gid="15201" /><tile gid="15201" /><tile gid="15201" />
				<tile gid="15201" /><tile gid="15201" /><tile gid="15142" /><tile gid="15141" /><tile gid="15006" />
				<tile gid="15006" /><tile gid="15006" /><tile gid="15006" /><tile gid="15006" /><tile gid="15006" />
				<tile gid="15006" /><tile gid="15006" /><tile gid="15006" /><tile gid="15006" /><tile gid="15006" />

				<!-- COLUMN 5 -->
				<tile gid="15201" /><tile gid="15201" /><tile gid="15201" /><tile gid="15151" /><tile gid="15006" />
				<tile gid="15113" /><tile gid="15201" /><tile gid="15201" /><tile gid="15201" /><tile gid="15201" />
				<tile gid="15201" /><tile gid="15201" /><tile gid="15201" /><tile gid="15151" /><tile gid="15006" />
				<tile gid="15006" /><tile gid="15006" /><tile gid="15006" /><tile gid="15006" /><tile gid="15006" />
				<tile gid="15006" /><tile gid="15006" /><tile gid="15006" /><tile gid="15006" /><tile gid="15006" />

				<!-- COLUMN 6 -->
				<tile gid="15201" /><tile gid="15201" /><tile gid="15201" /><tile gid="15152" /><tile gid="15006" />
				<tile gid="15102" /><tile gid="15172" /><tile gid="15173" /><tile gid="15101" /><tile gid="15201" />
				<tile gid="15201" /><tile gid="15201" /><tile gid="15162" /><tile gid="15161" /><tile gid="15006" />
				<tile gid="15006" /><tile gid="15006" /><tile gid="15006" /><tile gid="15006" /><tile gid="15006" />
				<tile gid="15006" /><tile gid="15006" /><tile gid="15006" /><tile gid="15006" /><tile gid="15006" />

				<!-- COLUMN 7 -->
				<tile gid="15201" /><tile gid="15201" /><tile gid="15201" /><tile gid="15152" /><tile gid="15006" />
				<tile gid="15006" /><tile gid="15006" /><tile gid="15122" /><tile gid="15121" /><tile gid="15201" />
				<tile gid="15201" /><tile gid="15201" /><tile gid="15152" /><tile gid="15006" /><tile gid="15006" />
				<tile gid="15006" /><tile gid="15006" /><tile gid="15006" /><tile gid="15006" /><tile gid="15006" />
				<tile gid="15006" /><tile gid="15006" /><tile gid="15006" /><tile gid="15006" /><tile gid="15006" />

				<!-- COLUMN 8 -->
				<tile gid="15201" /><tile gid="15201" /><tile gid="15201" /><tile gid="15153" /><tile gid="15006" />
				<tile gid="15006" /><tile gid="15122" /><tile gid="15121" /><tile gid="15201" /><tile gid="15201" />
				<tile gid="15201" /><tile gid="15162" /><tile gid="15161" /><tile gid="15006" /><tile gid="15006" />
				<tile gid="15006" /><tile gid="15006" /><tile gid="15006" /><tile gid="15006" /><tile gid="15006" />
				<tile gid="15006" /><tile gid="15006" /><tile gid="15006" /><tile gid="15006" /><tile gid="15006" />

				<!-- COLUMN 9 -->
				<tile gid="15201" /><tile gid="15201" /><tile gid="15201" /><tile gid="15142" /><tile gid="15131" />
				<tile gid="15133" /><tile gid="15121" /><tile gid="15201" /><tile gid="15201" /><tile gid="15201" />
				<tile gid="15201" /><tile gid="15153" /><tile gid="15006" /><tile gid="15006" /><tile gid="15006" />
				<tile gid="15006" /><tile gid="15006" /><tile gid="15006" /><tile gid="15006" /><tile gid="15006" />
				<tile gid="15006" /><tile gid="15006" /><tile gid="15006" /><tile gid="15006" /><tile gid="15006" />

				<!-- COLUMN 10 -->
				<tile gid="15201" /><tile gid="15201" /><tile gid="15201" /><tile gid="15201" /><tile gid="15201" />
				<tile gid="15201" /><tile gid="15201" /><tile gid="15201" /><tile gid="15201" /><tile gid="15201" />
				<tile gid="15162" /><tile gid="15161" /><tile gid="15006" /><tile gid="15006" /><tile gid="15006" />
				<tile gid="15006" /><tile gid="15006" /><tile gid="15006" /><tile gid="15006" /><tile gid="15006" />
				<tile gid="15006" /><tile gid="15006" /><tile gid="15006" /><tile gid="15006" /><tile gid="15006" />

				<!-- COLUMN 11 -->
				<tile gid="15201" /><tile gid="15201" /><tile gid="15201" /><tile gid="15201" /><tile gid="15201" />
				<tile gid="15201" /><tile gid="15201" /><tile gid="15201" /><tile gid="15162" /><tile gid="15172" />
				<tile gid="15161" /><tile gid="15006" /><tile gid="15006" /><tile gid="15006" /><tile gid="15006" />
				<tile gid="15006" /><tile gid="15006" /><tile gid="15006" /><tile gid="15006" /><tile gid="15006" />
				<tile gid="15006" /><tile gid="15006" /><tile gid="15006" /><tile gid="15006" /><tile gid="15006" />

				<!-- COLUMN 12 -->
				<tile gid="15201" /><tile gid="15201" /><tile gid="15162" /><tile gid="15171" /><tile gid="15172" />
				<tile gid="15173" /><tile gid="15101" /><tile gid="15201" /><tile gid="15152" /><tile gid="15006" />
				<tile gid="15006" /><tile gid="15006" /><tile gid="15006" /><tile gid="15006" /><tile gid="15006" />
				<tile gid="15006" /><tile gid="15006" /><tile gid="15006" /><tile gid="15006" /><tile gid="15006" />
				<tile gid="15006" /><tile gid="15006" /><tile gid="15006" /><tile gid="15006" /><tile gid="15006" />

				<!-- COLUMN 13 -->
				<tile gid="15201" /><tile gid="15201" /><tile gid="15142" /><tile gid="15141" /><tile gid="15006" />
				<tile gid="15006" /><tile gid="15102" /><tile gid="15171" /><tile gid="15161" /><tile gid="15006" />
				<tile gid="15006" /><tile gid="15006" /><tile gid="15006" /><tile gid="15006" /><tile gid="15006" />
				<tile gid="15006" /><tile gid="15006" /><tile gid="15006" /><tile gid="15006" /><tile gid="15006" />
				<tile gid="15006" /><tile gid="15006" /><tile gid="15006" /><tile gid="15006" /><tile gid="15006" />

				<!-- COLUMN 14 -->
				<tile gid="15201" /><tile gid="15201" /><tile gid="15201" /><tile gid="15153" /><tile gid="15006" />
				<tile gid="15006" /><tile gid="15006" /><tile gid="15006" /><tile gid="15006" /><tile gid="15006" />
				<tile gid="15006" /><tile gid="15006" /><tile gid="15006" /><tile gid="15006" /><tile gid="15006" />
				<tile gid="15006" /><tile gid="15006" /><tile gid="15006" /><tile gid="15006" /><tile gid="15006" />
				<tile gid="15006" /><tile gid="15006" /><tile gid="15006" /><tile gid="15006" /><tile gid="15006" />

				<!-- COLUMN 15 -->
				<tile gid="15201" /><tile gid="15201" /><tile gid="15162" /><tile gid="15161" /><tile gid="15006" />
				<tile gid="15006" /><tile gid="15006" /><tile gid="15006" /><tile gid="15006" /><tile gid="15006" />
				<tile gid="15006" /><tile gid="15006" /><tile gid="15006" /><tile gid="15006" /><tile gid="15006" />
				<tile gid="15006" /><tile gid="15006" /><tile gid="15006" /><tile gid="15006" /><tile gid="15006" />
				<tile gid="15006" /><tile gid="15006" /><tile gid="15006" /><tile gid="15006" /><tile gid="15006" />

				<!-- COLUMN 16 -->
				<tile gid="15201" /><tile gid="15201" /><tile gid="15151" /><tile gid="15006" /><tile gid="15006" />
				<tile gid="15006" /><tile gid="15006" /><tile gid="15006" /><tile gid="15006" /><tile gid="15006" />
				<tile gid="15006" /><tile gid="15006" /><tile gid="15006" /><tile gid="15006" /><tile gid="15006" />
				<tile gid="15006" /><tile gid="15006" /><tile gid="15006" /><tile gid="15006" /><tile gid="15006" />
				<tile gid="15006" /><tile gid="15006" /><tile gid="15006" /><tile gid="15006" /><tile gid="15006" />

				<!-- COLUMN 17 -->
				<tile gid="15201" /><tile gid="15201" /><tile gid="15142" /><tile gid="15141" /><tile gid="15006" />
				<tile gid="15006" /><tile gid="15006" /><tile gid="15006" /><tile gid="15006" /><tile gid="15006" />
				<tile gid="15006" /><tile gid="15006" /><tile gid="15006" /><tile gid="15006" /><tile gid="15006" />
				<tile gid="15006" /><tile gid="15006" /><tile gid="15006" /><tile gid="15006" /><tile gid="15006" />
				<tile gid="15006" /><tile gid="15006" /><tile gid="15006" /><tile gid="15006" /><tile gid="15006" />

				<!-- COLUMN 18 -->
				<tile gid="15201" /><tile gid="15201" /><tile gid="15201" /><tile gid="15142" /><tile gid="15133" />
				<tile gid="15141" /><tile gid="15006" /><tile gid="15006" /><tile gid="15006" /><tile gid="15006" />
				<tile gid="15006" /><tile gid="15006" /><tile gid="15006" /><tile gid="15006" /><tile gid="15006" />
				<tile gid="15006" /><tile gid="15006" /><tile gid="15006" /><tile gid="15006" /><tile gid="15006" />
				<tile gid="15006" /><tile gid="15006" /><tile gid="15006" /><tile gid="15006" /><tile gid="15006" />

				<!-- COLUMN 19 -->
				<tile gid="15201" /><tile gid="15201" /><tile gid="15201" /><tile gid="15201" /><tile gid="15201" />
				<tile gid="15151" /><tile gid="15006" /><tile gid="15006" /><tile gid="15006" /><tile gid="15006" />
				<tile gid="15006" /><tile gid="15006" /><tile gid="15006" /><tile gid="15006" /><tile gid="15006" />
				<tile gid="15006" /><tile gid="15006" /><tile gid="15006" /><tile gid="15006" /><tile gid="15006" />
				<tile gid="15006" /><tile gid="15006" /><tile gid="15006" /><tile gid="15006" /><tile gid="15006" />

				<!-- COLUMN 20 -->
				<tile gid="15162" /><tile gid="15172" /><tile gid="15172" /><tile gid="15173" /><tile gid="15101" />
				<tile gid="15153" /><tile gid="15006" /><tile gid="15006" /><tile gid="15006" /><tile gid="15006" />
				<tile gid="15006" /><tile gid="15006" /><tile gid="15006" /><tile gid="15006" /><tile gid="15006" />
				<tile gid="15006" /><tile gid="15006" /><tile gid="15006" /><tile gid="15006" /><tile gid="15006" />
				<tile gid="15006" /><tile gid="15006" /><tile gid="15006" /><tile gid="15006" /><tile gid="15006" />

				<!-- COLUMN 21 -->
				<tile gid="15161" /><tile gid="15006" /><tile gid="15006" /><tile gid="15006" /><tile gid="15111" />
				<tile gid="15142" /><tile gid="15141" /><tile gid="15006" /><tile gid="15006" /><tile gid="15006" />
				<tile gid="15006" /><tile gid="15006" /><tile gid="15006" /><tile gid="15006" /><tile gid="15006" />
				<tile gid="15006" /><tile gid="15006" /><tile gid="15006" /><tile gid="15006" /><tile gid="15006" />
				<tile gid="15006" /><tile gid="15006" /><tile gid="15006" /><tile gid="15006" /><tile gid="15006" />

				<!-- COLUMN 22 -->
				<tile gid="15006" /><tile gid="15006" /><tile gid="15006" /><tile gid="15006" /><tile gid="15113" />
				<tile gid="15201" /><tile gid="15152" /><tile gid="15006" /><tile gid="15006" /><tile gid="15006" />
				<tile gid="15006" /><tile gid="15006" /><tile gid="15006" /><tile gid="15006" /><tile gid="15006" />
				<tile gid="15006" /><tile gid="15006" /><tile gid="15006" /><tile gid="15006" /><tile gid="15006" />
				<tile gid="15006" /><tile gid="15006" /><tile gid="15006" /><tile gid="15006" /><tile gid="15006" />

				<!-- COLUMN 23 -->
				<tile gid="15006" /><tile gid="15006" /><tile gid="15006" /><tile gid="15006" /><tile gid="15102" />
				<tile gid="15171" /><tile gid="15161" /><tile gid="15006" /><tile gid="15006" /><tile gid="15006" />
				<tile gid="15006" /><tile gid="15006" /><tile gid="15006" /><tile gid="15006" /><tile gid="15006" />
				<tile gid="15006" /><tile gid="15006" /><tile gid="15006" /><tile gid="15006" /><tile gid="15006" />
				<tile gid="15006" /><tile gid="15006" /><tile gid="15006" /><tile gid="15006" /><tile gid="15006" />

				<!-- COLUMN 24 -->
				<tile gid="15006" /><tile gid="15006" /><tile gid="15006" /><tile gid="15006" /><tile gid="15006" />
				<tile gid="15006" /><tile gid="15006" /><tile gid="15006" /><tile gid="15006" /><tile gid="15006" />
				<tile gid="15006" /><tile gid="15006" /><tile gid="15006" /><tile gid="15006" /><tile gid="15006" />
				<tile gid="15006" /><tile gid="15006" /><tile gid="15006" /><tile gid="15006" /><tile gid="15006" />
				<tile gid="15006" /><tile gid="15006" /><tile gid="15006" /><tile gid="15006" /><tile gid="15006" />
			</data>		
		</layer>

		<!-- OBJECT LAYER -->
		<layer>
			<metadata>
				<param name="_OVERLAY_IMAGE" type="text">content/gfx/objects/object_outline_diamond.png</param>
				<param name="_OVERLAY_IMAGE_OFFSET" type="Point"><x>0</x><y>0</y></param>
			</metadata>
			<properties>
				<size><x>100</x><y>105</y></size>
				<geometry>3</geometry>
			</properties>
			<objects>
				<object prototype="Beach_ball:001" x="76" y="41" />
				<object prototype="Beach_ball:003" x="77" y="36" />
				<object prototype="Beach_ball:002" x="77" y="40" />
				<object prototype="Beach_ball:003" x="79" y="40" />

				<object prototype="Beach_ball:003" x="85" y="81" />

				<object prototype="Beach_ball:001" x="43" y="83" />
				<object prototype="Beach_ball:003" x="45" y="86" />
				<object prototype="Beach_ball:001" x="47" y="74" />
				<object prototype="Beach_ball:003" x="48" y="75" />
				<object prototype="Beach_ball:002" x="48" y="85" />

				<object prototype="Beach_ball:002" x="56" y="70" />
				<object prototype="Beach_ball:002" x="56" y="72" />
				<object prototype="Beach_ball:003" x="58" y="70" />
				<object prototype="Beach_ball:003" x="58" y="72" />
				<object prototype="Beach_ball:001" x="60" y="70" />
				<object prototype="Beach_ball:001" x="60" y="72" />
				<object prototype="Beach_ball:003" x="58" y="74" />

				<object prototype="Beach_ball:002" x="71" y="93" />

				<object prototype="Beach_ball:003" x="68" y="85" />

				<object prototype="Box:006" x="34" y="94" />

				<object prototype="Box:004" x="46" y="94" />
				<object prototype="Box:004" x="50" y="94" />
				<object prototype="Box:001" x="54" y="94" />
				<object prototype="Box:007" x="58" y="94" />
				<object prototype="Box:004" x="62" y="94" />
				<object prototype="Box:004" x="66" y="94" />

				<object prototype="Box:009" x="78" y="80" />
				<object prototype="Box:009" x="78" y="83" />
				<object prototype="Box:009" x="78" y="86" />
				<object prototype="Box:001" x="79" y="71" />
				<object prototype="Box:004" x="79" y="94" />
				<object prototype="Box:004" x="86" y="71" />

				<object prototype="Box:009" x="64" y="43" />
				<object prototype="Box:009" x="64" y="46" />
				<object prototype="Box:001" x="70" y="46" />
				<object prototype="Box:004" x="80" y="46" />

				<object prototype="Bush:092" x="11" y="38" />
				<object prototype="Bush:097" x="12" y="37" />
				<object prototype="Bush:097" x="13" y="22" />
				<object prototype="Bush:097" x="14" y="38" />
				<object prototype="Bush:097" x="15" y="23" />

				<object prototype="Bush:075" x="15" y="17" />
				<object prototype="Bush:056" x="18" y="22" />
				<object prototype="Bush:117" x="21" y="19" />

				<object prototype="Bush:094" x="25" y="31" />
				<object prototype="Bush:096" x="28" y="31" />

				<object prototype="Bush:040" x="37" y="91" />

				<object prototype="Bush:075" x="49" y="30" />
				<object prototype="Bush:093" x="54" y="30" />
				<object prototype="Bush:087" x="51" y="32" />
				<object prototype="Bush:092" x="56" y="32" />
				<object prototype="Bush:075" x="48" y="34" />
				<object prototype="Bush:116" x="53" y="34" />
				<object prototype="Bush:088" x="47" y="36" />
				<object prototype="Bush:075" x="50" y="36" />
				<object prototype="Bush:032" x="53" y="36" />

				<object prototype="Bush:075" x="45" y="46" />
				<object prototype="Bush:087" x="48" y="46" />
				<object prototype="Bush:093" x="52" y="46" />
				<object prototype="Bush:087" x="50" y="47" />
				<object prototype="Bush:092" x="40" y="48" />
				<object prototype="Bush:116" x="45" y="48" />
				<object prototype="Bush:088" x="48" y="48" />
				<object prototype="Bush:075" x="50" y="48" />
				<object prototype="Bush:032" x="53" y="48" />
				<object prototype="Bush:032" x="55" y="48" />

				<object prototype="Bush:075" x="43" y="50" />

				<object prototype="Bush:075" x="39" y="51" />
				<object prototype="Bush:032" x="41" y="51" />
				<object prototype="Bush:075" x="43" y="51" />
				<object prototype="Bush:075" x="45" y="51" />
				<object prototype="Bush:116" x="47" y="51" />
				<object prototype="Bush:075" x="50" y="51" />
				<object prototype="Bush:032" x="51" y="51" />
				<object prototype="Bush:075" x="53" y="51" />
				<object prototype="Bush:092" x="55" y="51" />

				<object prototype="Bush:036" x="82" y="93" />
				<object prototype="Bush:030" x="84" y="92" />
				<object prototype="Bush:039" x="85" y="94" />
				<object prototype="Bush:051" x="86" y="92" />
				<object prototype="Bush:037" x="87" y="93" />

				<object prototype="Bush:037" x="43" y="92" />
				<object prototype="Bush:037" x="64" y="38" />
				<object prototype="Bush:037" x="72" y="41" />
				<object prototype="Bush:099" x="74" y="45" />
				<object prototype="Bush:099" x="75" y="46" />
				<object prototype="Bush:093" x="79" y="75" />
				<object prototype="Bush:099" x="81" y="87" />

				<object prototype="Bush:032" x="67" y="46" />

				<object prototype="Crate:HalfOpen:Full:003" x="13" y="33" />
				<object prototype="Crate:Empty:001" x="17" y="35" />

				<object prototype="Crate:HalfOpen:Full:001" x="72" y="86" />
				
				<object prototype="Critter:Beekeeper:Talk:SE" x="13" y="31" />
				<object prototype="Critter:Beekeeper:Talk:NW" x="13" y="35" />

				<object prototype="Critter:Beekeeper:Talk:S" x="42" y="39" />
				<object prototype="Critter:Girl:Talk:W" x="42" y="42" />

				<object prototype="Critter:Beekeeper:Talk:NE" x="34" y="91" />
				<object prototype="Critter:Boy:Cheering:SE" x="37" y="89" />
				<object prototype="Critter:Girl:Talk:NW" x="37" y="94" />
				<object prototype="Critter:Beekeeper:Talk:SW" x="39" y="91" />

				<object prototype="Critter:Boy:Kicking:E" x="48" y="87" />
				<object prototype="Critter:Girl:Talk:W" x="49" y="88" />

				<object prototype="Critter:Boy:Cheering:SE" x="55" y="81" />

				<object prototype="Critter:Beekeeper:Talk:S" x="57" y="76" />
				<object prototype="Critter:Beekeeper:Talk:W" x="58" y="87" />

				<object prototype="Critter:Boy:Talk:NE" x="66" y="43" />
				<object prototype="Critter:Boy:Cheering:SW" x="68" y="43" />
				<object prototype="Critter:Girl:Talk:NW" x="67" y="88" />

				<object prototype="Critter:Beekeeper:Talk:SE" x="72" y="92" />
				<object prototype="Critter:Beekeeper:Talk:W" x="74" y="95" />

				<object prototype="Critter:Boy:Talk:N" x="77" y="42" />
				<object prototype="Critter:Girl:Talk:SE" x="79" y="39" />

				<object prototype="Critter:Beekeeper:Talk:SE" x="82" y="75" />
				<object prototype="Critter:Beekeeper:Talk:W" x="80" y="42" />
				<object prototype="Critter:Boy:Cheering:NE" x="80" y="82" />
				<object prototype="Critter:Girl:Talk:NW" x="81" y="77" />
				<object prototype="Critter:Boy:Talk:NW" x="83" y="77" />
				<object prototype="Critter:Boy:Kicking:SW" x="86" y="82" />

				<object prototype="Deck_chair:006" x="34" y="72" />
				<object prototype="Deck_chair:006" x="37" y="72" />
				<object prototype="Deck_chair:008" x="40" y="72" />
				<object prototype="Deck_chair:008" x="43" y="72" />
				<object prototype="Deck_chair:004" x="46" y="72" />
				<object prototype="Deck_chair:004" x="49" y="72" />
				<object prototype="Deck_chair:004" x="52" y="72" />

				<object prototype="Deck_chair:006" x="34" y="76" />
				<object prototype="Deck_chair:006" x="37" y="77" />
				<object prototype="Deck_chair:008" x="41" y="76" />
				<object prototype="Deck_chair:008" x="44" y="75" />
				<object prototype="Deck_chair:006" x="49" y="76" />
				<object prototype="Deck_chair:008" x="52" y="76" />

				<object prototype="Deck_chair:006" x="66" y="36" />
				<object prototype="Deck_chair:006" x="69" y="35" />
				<object prototype="Deck_chair:008" x="72" y="36" />

				<object prototype="Deck_chair:006" x="36" y="84" />
				<object prototype="Deck_chair:008" x="39" y="84" />
				<object prototype="Deck_chair:006" x="48" y="83" />
				<object prototype="Deck_chair:004" x="51" y="84" />
				<object prototype="Deck_chair:004" x="61" y="84" />
				<object prototype="Deck_chair:008" x="63" y="84" />

				<object prototype="Deck_chair:007" x="71" y="84" />
				<object prototype="Deck_chair:009" x="71" y="89" />
				<object prototype="Deck_chair:002" x="73" y="94" />

				<object prototype="Deck_chair:005" x="85" y="36" />
				<object prototype="Deck_chair:007" x="86" y="39" />
				<object prototype="Deck_chair:005" x="86" y="42" />
				<object prototype="Deck_chair:009" x="85" y="45" />

				<object prototype="Deck_chair:007" x="86" y="77" />
				<object prototype="Deck_chair:009" x="86" y="80" />
				
				<object prototype="Deck_chair:005" x="85" y="85" />
				<object prototype="Deck_chair:009" x="86" y="89" />

				<object prototype="Extinguisher:003" x="43" y="47" />
				<object prototype="Extinguisher:002" x="55" y="75" />
				<object prototype="Extinguisher:002" x="64" y="34" />
				<object prototype="Extinguisher:003" x="79" y="90" />
				<object prototype="Extinguisher:003" x="88" y="46" />

				<object prototype="Life_belt:003" x="43" y="36" />
				<object prototype="Life_belt:003" x="42" y="45" />
				<object prototype="Life_belt:003" x="79" y="35" />

				<object prototype="Mushroom:012" x="82" y="71" />

				<object prototype="Mussel:008" x="20" y="39" />
				<object prototype="Mussel:013" x="48" y="30" />

				<object prototype="Plant:002" x="18" y="24" />

				<object prototype="Pool:001" x="41" y="87" />
				<object prototype="Pool:001" x="53" y="87" />
				<object prototype="Pool:001" x="65" y="87" />

				<object prototype="Pool:001" x="74" y="39" />

				<object prototype="Quay:027" x="32" y="15" />
				<object prototype="Quay:036" x="35" y="15" />
				<object prototype="Quay:036" x="38" y="15" />
				<object prototype="Quay:036" x="41" y="15" />
				<object prototype="Quay:036" x="44" y="15" />
				<object prototype="Quay:036" x="47" y="15" />
				<object prototype="Quay:036" x="50" y="15" />
				<object prototype="Quay:036" x="53" y="15" />
				<object prototype="Quay:036" x="56" y="15" />
				<object prototype="Quay:036" x="59" y="15" />
				<object prototype="Quay:036" x="62" y="15" />
				<object prototype="Quay:036" x="65" y="15" />
				<object prototype="Quay:036" x="68" y="15" />
				<object prototype="Quay:036" x="71" y="15" />
				<object prototype="Quay:036" x="74" y="15" />

				<object prototype="Quay:036" x="74" y="18" />
				<object prototype="Quay:036" x="74" y="21" />
				<object prototype="Quay:036" x="74" y="24" />
				<object prototype="Quay:036" x="74" y="27" />
				<object prototype="Quay:036" x="74" y="30" />

				<object prototype="Quay:029" x="41" y="38" />
				<object prototype="Quay:027" x="41" y="41" />
				<object prototype="Quay:010" x="41" y="45" />
				<object prototype="Quay:036" x="44" y="42" />
				<object prototype="Quay:036" x="47" y="42" />
				<object prototype="Quay:036" x="50" y="42" />
				<object prototype="Quay:036" x="53" y="42" />
				<object prototype="Quay:036" x="56" y="42" />

				<object prototype="Quay:036" x="59" y="33" />
				<object prototype="Quay:036" x="59" y="36" />
				<object prototype="Quay:036" x="59" y="39" />
				<object prototype="Quay:036" x="59" y="42" />
				<object prototype="Quay:036" x="59" y="45" />
				<object prototype="Quay:036" x="59" y="48" />
				<object prototype="Quay:036" x="59" y="51" />

				<object prototype="Quay:036" x="62" y="33" />
				<object prototype="Quay:036" x="62" y="51" />
				<object prototype="Quay:036" x="65" y="33" />
				<object prototype="Quay:036" x="65" y="51" />
				<object prototype="Quay:036" x="68" y="33" />
				<object prototype="Quay:036" x="68" y="51" />
				<object prototype="Quay:036" x="71" y="33" />
				<object prototype="Quay:036" x="71" y="51" />
				<object prototype="Quay:036" x="74" y="33" />
				<object prototype="Quay:036" x="74" y="51" />
				<object prototype="Quay:036" x="77" y="33" />
				<object prototype="Quay:036" x="77" y="51" />
				<object prototype="Quay:036" x="80" y="33" />
				<object prototype="Quay:036" x="80" y="51" />
				<object prototype="Quay:036" x="83" y="33" />
				<object prototype="Quay:036" x="83" y="51" />
				<object prototype="Quay:036" x="86" y="33" />
				<object prototype="Quay:036" x="86" y="51" />

				<object prototype="Quay:036" x="89" y="33" />
				<object prototype="Quay:036" x="89" y="36" />
				<object prototype="Quay:036" x="89" y="39" />
				<object prototype="Quay:036" x="89" y="42" />
				<object prototype="Quay:036" x="89" y="45" />
				<object prototype="Quay:036" x="89" y="48" />
				<object prototype="Quay:036" x="89" y="51" />

				<object prototype="Quay:036" x="74" y="54" />
				<object prototype="Quay:036" x="74" y="57" />
				<object prototype="Quay:036" x="74" y="60" />
				<object prototype="Quay:036" x="74" y="63" />
				<object prototype="Quay:036" x="74" y="66" />

				<object prototype="Quay:036" x="29" y="69" />
				<object prototype="Quay:036" x="32" y="69" />
				<object prototype="Quay:036" x="35" y="69" />
				<object prototype="Quay:036" x="38" y="69" />
				<object prototype="Quay:036" x="41" y="69" />
				<object prototype="Quay:036" x="44" y="69" />
				<object prototype="Quay:036" x="47" y="69" />
				<object prototype="Quay:036" x="50" y="69" />
				<object prototype="Quay:036" x="53" y="69" />
				<object prototype="Quay:036" x="56" y="69" />
				<object prototype="Quay:036" x="59" y="69" />
				<object prototype="Quay:036" x="62" y="69" />
				<object prototype="Quay:036" x="65" y="69" />
				<object prototype="Quay:036" x="68" y="69" />
				<object prototype="Quay:036" x="71" y="69" />
				<object prototype="Quay:036" x="74" y="69" />
				<object prototype="Quay:036" x="77" y="69" />
				<object prototype="Quay:036" x="80" y="69" />
				<object prototype="Quay:036" x="83" y="69" />
				<object prototype="Quay:036" x="86" y="69" />
				<object prototype="Quay:036" x="89" y="69" />

				<object prototype="Quay:036" x="29" y="72" />
				<object prototype="Quay:036" x="29" y="75" />
				<object prototype="Quay:036" x="29" y="78" />
				<object prototype="Quay:036" x="29" y="81" />
				<object prototype="Quay:036" x="29" y="84" />
				<object prototype="Quay:036" x="29" y="87" />
				<object prototype="Quay:036" x="29" y="90" />
				<object prototype="Quay:036" x="29" y="93" />
				<object prototype="Quay:036" x="29" y="96" />

				<object prototype="Quay:036" x="89" y="72" />
				<object prototype="Quay:036" x="89" y="75" />
				<object prototype="Quay:036" x="89" y="78" />
				<object prototype="Quay:036" x="89" y="81" />
				<object prototype="Quay:036" x="89" y="84" />
				<object prototype="Quay:036" x="89" y="87" />
				<object prototype="Quay:036" x="89" y="90" />
				<object prototype="Quay:036" x="89" y="93" />
				<object prototype="Quay:036" x="89" y="96" />

				<object prototype="Quay:036" x="29" y="99" />
				<object prototype="Quay:036" x="32" y="99" />
				<object prototype="Quay:036" x="35" y="99" />
				<object prototype="Quay:036" x="38" y="99" />
				<object prototype="Quay:036" x="41" y="99" />
				<object prototype="Quay:036" x="44" y="99" />
				<object prototype="Quay:036" x="47" y="99" />
				<object prototype="Quay:036" x="50" y="99" />
				<object prototype="Quay:036" x="53" y="99" />
				<object prototype="Quay:036" x="56" y="99" />
				<object prototype="Quay:036" x="59" y="99" />
				<object prototype="Quay:036" x="62" y="99" />
				<object prototype="Quay:036" x="65" y="99" />
				<object prototype="Quay:036" x="68" y="99" />
				<object prototype="Quay:036" x="71" y="99" />
				<object prototype="Quay:036" x="74" y="99" />
				<object prototype="Quay:036" x="77" y="99" />
				<object prototype="Quay:036" x="80" y="99" />
				<object prototype="Quay:036" x="83" y="99" />
				<object prototype="Quay:036" x="86" y="99" />
				<object prototype="Quay:036" x="89" y="99" />

				<object prototype="Quay:036" x="74" y="72" />
				<object prototype="Quay:036" x="74" y="75" />
				<object prototype="Quay:036" x="74" y="78" />
				<object prototype="Quay:036" x="74" y="81" />
				<object prototype="Quay:036" x="74" y="84" />
				<object prototype="Quay:036" x="74" y="87" />
				<object prototype="Quay:036" x="74" y="90" />
				<object prototype="Quay:036" x="74" y="93" />
				<object prototype="Quay:036" x="74" y="96" />

				<object prototype="Quay:036" x="32" y="81" />
				<object prototype="Quay:036" x="35" y="81" />
				<object prototype="Quay:036" x="38" y="81" />
				<object prototype="Quay:036" x="41" y="81" />
				<object prototype="Quay:036" x="44" y="81" />
				<object prototype="Quay:036" x="47" y="81" />
				<object prototype="Quay:036" x="50" y="81" />
				<object prototype="Quay:036" x="53" y="81" />
				<object prototype="Quay:036" x="56" y="81" />
				<object prototype="Quay:036" x="59" y="81" />
				<object prototype="Quay:036" x="62" y="81" />
				<object prototype="Quay:036" x="65" y="81" />
				<object prototype="Quay:036" x="68" y="81" />
				<object prototype="Quay:036" x="71" y="81" />

				<object prototype="Rock:003" x="0" y="7" />
				<object prototype="Rock:004" x="4" y="44" />
				<object prototype="Rock:002" x="5" y="79" />
				<object prototype="Rock:001" x="6" y="25" />
				<object prototype="Rock:001" x="7" y="61" />
				<object prototype="Rock:001" x="14" y="11" />
				<object prototype="Rock:003" x="18" y="92" />
				<object prototype="Rock:004" x="21" y="26" />
				<object prototype="Rock:004" x="25" y="50" />
				<object prototype="Rock:004" x="32" y="8" />
				<object prototype="Rock:002" x="37" y="33" />
				<object prototype="Rock:003" x="46" y="24" />

				<object prototype="Skull:001" x="16" y="33" />
				<object prototype="Skull:003" x="19" y="36" />

				<object prototype="Starfish:003" x="13" y="39" />
				<object prototype="Starfish:001" x="34" y="49" />

				<object prototype="Sunshade:003" x="34" y="85" />
				<object prototype="Sunshade:004" x="59" y="85" />

				<object prototype="Sunshade:003" x="55" y="46" />
				<object prototype="Sunshade:004" x="55" y="38" />

				<object prototype="Sunshade:002" x="66" y="39" />
				<object prototype="Sunshade:002" x="70" y="38" />

				<object prototype="Sunshade:001" x="81" y="38" />

				<object prototype="Sunshade:002" x="87" y="74" />
				<object prototype="Sunshade:001" x="87" y="86" />
				<object prototype="Sunshade:001" x="88" y="91" />

				<object prototype="Sunshade:001" x="62" y="72" />
				<object prototype="Sunshade:002" x="62" y="76" />
				<object prototype="Sunshade:002" x="66" y="72" />
				<object prototype="Sunshade:001" x="66" y="75" />
				<object prototype="Sunshade:003" x="70" y="72" />
				<object prototype="Sunshade:004" x="70" y="76" />

				<!-- NORTH EAST BORDER TREES -->
				<object prototype="Tree:007" x="44" y="4" />
				<object prototype="Tree:007" x="47" y="4" />
				<object prototype="Tree:008" x="50" y="4" />
				<object prototype="Tree:009" x="53" y="4" />
				<object prototype="Tree:009" x="56" y="4" />
				<object prototype="Tree:009" x="59" y="4" />
				<object prototype="Tree:007" x="62" y="4" />
				<object prototype="Tree:008" x="65" y="4" />
				<object prototype="Tree:007" x="68" y="4" />
				<object prototype="Tree:007" x="71" y="4" />
				<object prototype="Tree:008" x="74" y="4" />
				<object prototype="Tree:008" x="77" y="4" />
				<object prototype="Tree:008" x="80" y="4" />
				<object prototype="Tree:009" x="83" y="4" />
				<object prototype="Tree:009" x="86" y="4" />
				<object prototype="Tree:007" x="89" y="4" />
				<object prototype="Tree:009" x="92" y="4" />

				<object prototype="Tree:007" x="40" y="7" />
				<object prototype="Tree:007" x="43" y="7" />
				<object prototype="Tree:007" x="46" y="7" />
				<object prototype="Tree:008" x="49" y="7" />
				<object prototype="Tree:009" x="52" y="7" />
				<object prototype="Tree:009" x="55" y="7" />
				<object prototype="Tree:009" x="58" y="7" />
				<object prototype="Tree:007" x="61" y="7" />
				<object prototype="Tree:008" x="64" y="7" />
				<object prototype="Tree:007" x="67" y="7" />
				<object prototype="Tree:007" x="70" y="7" />
				<object prototype="Tree:008" x="73" y="7" />
				<object prototype="Tree:008" x="76" y="7" />
				<object prototype="Tree:008" x="79" y="7" />
				<object prototype="Tree:009" x="82" y="7" />
				<object prototype="Tree:009" x="85" y="7" />
				<object prototype="Tree:007" x="88" y="7" />
				<object prototype="Tree:007" x="88" y="7" />
				<object prototype="Tree:007" x="91" y="7" />

				<object prototype="Tree:007" x="39" y="10" />
				<object prototype="Tree:007" x="42" y="10" />
				<object prototype="Tree:007" x="45" y="10" />
				<object prototype="Tree:007" x="48" y="10" />
				<object prototype="Tree:007" x="51" y="10" />
				<object prototype="Tree:007" x="54" y="10" />
				<object prototype="Tree:007" x="57" y="10" />
				<object prototype="Tree:007" x="60" y="10" />
				<object prototype="Tree:007" x="63" y="10" />
				<object prototype="Tree:007" x="66" y="10" />
				<object prototype="Tree:007" x="69" y="10" />
				<object prototype="Tree:007" x="72" y="10" />
				<object prototype="Tree:007" x="75" y="10" />
				<object prototype="Tree:007" x="78" y="10" />
				<object prototype="Tree:007" x="81" y="10" />
				<object prototype="Tree:007" x="84" y="10" />
				<object prototype="Tree:007" x="87" y="10" />
				<object prototype="Tree:007" x="90" y="10" />

				<object prototype="Tree:007" x="79" y="13" />
				<object prototype="Tree:007" x="82" y="13" />
				<object prototype="Tree:007" x="85" y="13" />
				<object prototype="Tree:007" x="88" y="13" />
				<object prototype="Tree:007" x="91" y="13" />

				<object prototype="Tree:007" x="79" y="16" />
				<object prototype="Tree:007" x="82" y="16" />
				<object prototype="Tree:007" x="85" y="16" />
				<object prototype="Tree:007" x="88" y="16" />
				<object prototype="Tree:007" x="91" y="16" />

				<object prototype="Tree:007" x="48" y="19" />
				<object prototype="Tree:007" x="51" y="19" />
				<object prototype="Tree:007" x="54" y="19" />
				<object prototype="Tree:007" x="57" y="19" />
				<object prototype="Tree:007" x="60" y="19" />
				<object prototype="Tree:007" x="63" y="19" />
				<object prototype="Tree:007" x="65" y="19" />
				<object prototype="Tree:007" x="67" y="19" />
				<object prototype="Tree:007" x="70" y="19" />

				<object prototype="Tree:007" x="79" y="19" />
				<object prototype="Tree:007" x="82" y="19" />
				<object prototype="Tree:007" x="85" y="19" />
				<object prototype="Tree:007" x="88" y="19" />
				<object prototype="Tree:007" x="91" y="19" />

				<object prototype="Tree:007" x="51" y="22" />
				<object prototype="Tree:007" x="54" y="22" />
				<object prototype="Tree:007" x="57" y="22" />
				<object prototype="Tree:007" x="60" y="22" />
				<object prototype="Tree:007" x="63" y="22" />
				<object prototype="Tree:007" x="65" y="22" />
				<object prototype="Tree:007" x="67" y="22" />
				<object prototype="Tree:007" x="70" y="22" />

				<object prototype="Tree:007" x="79" y="22" />
				<object prototype="Tree:007" x="82" y="22" />
				<object prototype="Tree:007" x="85" y="22" />
				<object prototype="Tree:007" x="88" y="22" />
				<object prototype="Tree:007" x="91" y="22" />

				<object prototype="Tree:007" x="52" y="25" />
				<object prototype="Tree:007" x="55" y="25" />
				<object prototype="Tree:007" x="58" y="25" />
				<object prototype="Tree:007" x="61" y="25" />
				<object prototype="Tree:007" x="64" y="25" />
				<object prototype="Tree:007" x="67" y="25" />
				<object prototype="Tree:007" x="70" y="25" />

				<object prototype="Tree:007" x="79" y="25" />
				<object prototype="Tree:007" x="82" y="25" />
				<object prototype="Tree:007" x="85" y="25" />
				<object prototype="Tree:007" x="88" y="25" />
				<object prototype="Tree:007" x="91" y="25" />

				<object prototype="Tree:007" x="52" y="28" />
				<object prototype="Tree:007" x="55" y="28" />
				<object prototype="Tree:007" x="58" y="28" />
				<object prototype="Tree:007" x="61" y="28" />
				<object prototype="Tree:007" x="64" y="28" />
				<object prototype="Tree:007" x="67" y="28" />
				<object prototype="Tree:007" x="70" y="28" />

				<object prototype="Tree:007" x="79" y="28" />
				<object prototype="Tree:007" x="82" y="28" />
				<object prototype="Tree:007" x="85" y="28" />
				<object prototype="Tree:007" x="88" y="28" />
				<object prototype="Tree:007" x="91" y="28" />

				<object prototype="Tree:007" x="8" y="55" />
				<object prototype="Tree:007" x="11" y="55" />
				<object prototype="Tree:007" x="14" y="55" />
				<object prototype="Tree:007" x="16" y="55" />
				<object prototype="Tree:007" x="19" y="55" />

				<object prototype="Tree:007" x="30" y="55" />
				<object prototype="Tree:007" x="32" y="55" />
				<object prototype="Tree:007" x="35" y="55" />
				<object prototype="Tree:007" x="38" y="55" />
				<object prototype="Tree:007" x="41" y="55" />
				<object prototype="Tree:007" x="44" y="55" />
				<object prototype="Tree:007" x="47" y="55" />
				<object prototype="Tree:007" x="50" y="55" />
				<object prototype="Tree:007" x="53" y="55" />
				<object prototype="Tree:007" x="56" y="55" />
				<object prototype="Tree:007" x="59" y="55" />
				<object prototype="Tree:007" x="62" y="55" />
				<object prototype="Tree:007" x="65" y="55" />
				<object prototype="Tree:007" x="67" y="55" />
				<object prototype="Tree:007" x="70" y="55" />

				<object prototype="Tree:007" x="79" y="55" />
				<object prototype="Tree:007" x="82" y="55" />
				<object prototype="Tree:007" x="85" y="55" />
				<object prototype="Tree:007" x="88" y="55" />
				<object prototype="Tree:007" x="91" y="55" />

				<object prototype="Tree:007" x="11" y="58" />
				<object prototype="Tree:007" x="14" y="58" />
				<object prototype="Tree:007" x="17" y="58" />
				<object prototype="Tree:007" x="20" y="58" />
				<object prototype="Tree:007" x="23" y="58" />
				<object prototype="Tree:007" x="26" y="58" />
				<object prototype="Tree:007" x="29" y="58" />
				<object prototype="Tree:007" x="32" y="58" />
				<object prototype="Tree:007" x="35" y="58" />
				<object prototype="Tree:007" x="38" y="58" />
				<object prototype="Tree:007" x="41" y="58" />
				<object prototype="Tree:007" x="44" y="58" />
				<object prototype="Tree:007" x="47" y="58" />
				<object prototype="Tree:007" x="50" y="58" />
				<object prototype="Tree:007" x="53" y="58" />
				<object prototype="Tree:007" x="56" y="58" />
				<object prototype="Tree:007" x="59" y="58" />
				<object prototype="Tree:007" x="62" y="58" />
				<object prototype="Tree:007" x="65" y="58" />
				<object prototype="Tree:007" x="67" y="58" />
				<object prototype="Tree:007" x="70" y="58" />

				<object prototype="Tree:007" x="79" y="58" />
				<object prototype="Tree:007" x="82" y="58" />
				<object prototype="Tree:007" x="85" y="58" />
				<object prototype="Tree:007" x="88" y="58" />
				<object prototype="Tree:007" x="91" y="58" />

				<object prototype="Tree:007" x="11" y="61" />
				<object prototype="Tree:007" x="14" y="61" />
				<object prototype="Tree:007" x="17" y="61" />
				<object prototype="Tree:007" x="20" y="61" />
				<object prototype="Tree:007" x="23" y="61" />
				<object prototype="Tree:007" x="26" y="61" />
				<object prototype="Tree:007" x="29" y="61" />
				<object prototype="Tree:007" x="32" y="61" />
				<object prototype="Tree:007" x="35" y="61" />
				<object prototype="Tree:007" x="38" y="61" />
				<object prototype="Tree:007" x="41" y="61" />
				<object prototype="Tree:007" x="44" y="61" />
				<object prototype="Tree:007" x="47" y="61" />
				<object prototype="Tree:007" x="50" y="61" />
				<object prototype="Tree:007" x="53" y="61" />
				<object prototype="Tree:007" x="56" y="61" />
				<object prototype="Tree:007" x="59" y="61" />
				<object prototype="Tree:007" x="62" y="61" />
				<object prototype="Tree:007" x="65" y="61" />
				<object prototype="Tree:007" x="67" y="61" />
				<object prototype="Tree:007" x="70" y="61" />

				<object prototype="Tree:007" x="79" y="61" />
				<object prototype="Tree:007" x="82" y="61" />
				<object prototype="Tree:007" x="85" y="61" />
				<object prototype="Tree:007" x="88" y="61" />
				<object prototype="Tree:007" x="91" y="61" />

				<object prototype="Tree:007" x="12" y="64" />
				<object prototype="Tree:007" x="15" y="64" />
				<object prototype="Tree:007" x="18" y="64" />
				<object prototype="Tree:007" x="20" y="64" />
				<object prototype="Tree:007" x="23" y="64" />
				<object prototype="Tree:007" x="26" y="64" />
				<object prototype="Tree:007" x="29" y="64" />
				<object prototype="Tree:007" x="32" y="64" />
				<object prototype="Tree:007" x="35" y="64" />
				<object prototype="Tree:007" x="38" y="64" />
				<object prototype="Tree:007" x="41" y="64" />
				<object prototype="Tree:007" x="44" y="64" />
				<object prototype="Tree:007" x="47" y="64" />
				<object prototype="Tree:007" x="50" y="64" />
				<object prototype="Tree:007" x="53" y="64" />
				<object prototype="Tree:007" x="56" y="64" />
				<object prototype="Tree:007" x="59" y="64" />
				<object prototype="Tree:007" x="62" y="64" />
				<object prototype="Tree:007" x="65" y="64" />
				<object prototype="Tree:007" x="67" y="64" />
				<object prototype="Tree:007" x="70" y="64" />

				<object prototype="Tree:007" x="79" y="64" />
				<object prototype="Tree:007" x="82" y="64" />
				<object prototype="Tree:007" x="85" y="64" />
				<object prototype="Tree:007" x="88" y="64" />
				<object prototype="Tree:007" x="91" y="64" />

				<object prototype="Tree:007" x="8" y="67" />
				<object prototype="Tree:007" x="10" y="67" />
				<object prototype="Tree:007" x="12" y="67" />
				<object prototype="Tree:007" x="15" y="67" />
				<object prototype="Tree:007" x="18" y="67" />
				<object prototype="Tree:007" x="21" y="67" />
				<object prototype="Tree:007" x="24" y="67" />

				<object prototype="Tree:007" x="8" y="70" />
				<object prototype="Tree:007" x="10" y="70" />
				<object prototype="Tree:007" x="12" y="70" />
				<object prototype="Tree:007" x="15" y="70" />
				<object prototype="Tree:007" x="18" y="70" />
				<object prototype="Tree:007" x="21" y="70" />
				<object prototype="Tree:007" x="24" y="70" />

				<object prototype="Tree:007" x="12" y="73" />
				<object prototype="Tree:007" x="15" y="73" />
				<object prototype="Tree:007" x="18" y="73" />
				<object prototype="Tree:007" x="21" y="73" />
				<object prototype="Tree:007" x="24" y="73" />

				<object prototype="Tree:007" x="12" y="75" />
				<object prototype="Tree:007" x="15" y="75" />
				<object prototype="Tree:007" x="18" y="75" />
				<object prototype="Tree:007" x="21" y="75" />
				<object prototype="Tree:007" x="24" y="75" />

				<object prototype="Tree:007" x="19" y="78" />
				<object prototype="Tree:007" x="21" y="78" />
				<object prototype="Tree:007" x="24" y="78" />

				<object prototype="Tree:007" x="19" y="81" />
				<object prototype="Tree:007" x="21" y="81" />
				<object prototype="Tree:007" x="24" y="81" />

				<object prototype="Tree:007" x="19" y="83" />
				<object prototype="Tree:007" x="21" y="83" />
				<object prototype="Tree:007" x="24" y="83" />

				<object prototype="Tree:007" x="19" y="86" />
				<object prototype="Tree:007" x="21" y="86" />
				<object prototype="Tree:007" x="24" y="86" />

				<object prototype="Tree:007" x="23" y="89" />
				<object prototype="Tree:007" x="24" y="89" />
				<object prototype="Tree:007" x="23" y="92" />
				<object prototype="Tree:007" x="24" y="92" />
				<object prototype="Tree:007" x="23" y="95" />
				<object prototype="Tree:007" x="24" y="95" />

				<object prototype="Tree:007" x="0" y="87" />
				<object prototype="Tree:007" x="3" y="87" />
				<object prototype="Tree:007" x="5" y="87" />
				<object prototype="Tree:007" x="8" y="87" />
				<object prototype="Tree:007" x="11" y="87" />

				<object prototype="Tree:007" x="0" y="90" />
				<object prototype="Tree:007" x="3" y="90" />
				<object prototype="Tree:007" x="5" y="90" />
				<object prototype="Tree:007" x="8" y="90" />
				<object prototype="Tree:007" x="11" y="90" />

				<object prototype="Tree:007" x="0" y="93" />
				<object prototype="Tree:007" x="3" y="93" />
				<object prototype="Tree:007" x="5" y="93" />
				<object prototype="Tree:007" x="8" y="93" />
				<object prototype="Tree:007" x="11" y="93" />

				<object prototype="Tree:007" x="0" y="95" />
				<object prototype="Tree:007" x="3" y="95" />
				<object prototype="Tree:007" x="5" y="95" />
				<object prototype="Tree:007" x="8" y="95" />
				<object prototype="Tree:007" x="11" y="95" />

				<object prototype="Tree:007" x="0" y="98" />
				<object prototype="Tree:007" x="3" y="98" />
				<object prototype="Tree:007" x="5" y="98" />
				<object prototype="Tree:007" x="8" y="98" />
				<object prototype="Tree:007" x="11" y="98" />
				<object prototype="Tree:007" x="14" y="98" />
				<object prototype="Tree:007" x="17" y="98" />
				<object prototype="Tree:007" x="19" y="98" />
				<object prototype="Tree:007" x="21" y="98" />
				<object prototype="Tree:007" x="24" y="98" />

				<object prototype="Tree:008" x="95" y="4" />
				<object prototype="Tree:008" x="95" y="7" />
				<object prototype="Tree:008" x="95" y="10" />
				<object prototype="Tree:008" x="95" y="13" />
				<object prototype="Tree:008" x="95" y="16" />
				<object prototype="Tree:008" x="95" y="19" />
				<object prototype="Tree:008" x="95" y="22" />
				<object prototype="Tree:008" x="95" y="25" />
				<object prototype="Tree:008" x="95" y="28" />
				<object prototype="Tree:008" x="95" y="31" />
				<object prototype="Tree:008" x="95" y="34" />
				<object prototype="Tree:008" x="95" y="37" />
				<object prototype="Tree:008" x="95" y="40" />
				<object prototype="Tree:008" x="95" y="43" />
				<object prototype="Tree:008" x="95" y="46" />
				<object prototype="Tree:008" x="95" y="49" />
				<object prototype="Tree:008" x="95" y="52" />
				<object prototype="Tree:008" x="95" y="55" />
				<object prototype="Tree:008" x="95" y="58" />
				<object prototype="Tree:008" x="95" y="61" />
				<object prototype="Tree:008" x="95" y="64" />
				<object prototype="Tree:008" x="95" y="67" />
				<object prototype="Tree:008" x="95" y="70" />
				<object prototype="Tree:008" x="95" y="73" />
				<object prototype="Tree:008" x="95" y="76" />
				<object prototype="Tree:008" x="95" y="79" />
				<object prototype="Tree:008" x="95" y="82" />
				<object prototype="Tree:008" x="95" y="85" />
				<object prototype="Tree:008" x="95" y="88" />
				<object prototype="Tree:008" x="95" y="91" />
				<object prototype="Tree:008" x="95" y="94" />
				<object prototype="Tree:008" x="95" y="97" />
				<object prototype="Tree:008" x="95" y="99" />

				<object prototype="Tree:008" x="93" y="4" />
				<object prototype="Tree:008" x="93" y="7" />
				<object prototype="Tree:008" x="93" y="10" />
				<object prototype="Tree:008" x="93" y="13" />
				<object prototype="Tree:008" x="93" y="16" />
				<object prototype="Tree:008" x="93" y="19" />
				<object prototype="Tree:008" x="93" y="22" />
				<object prototype="Tree:008" x="93" y="25" />
				<object prototype="Tree:008" x="93" y="28" />
				<object prototype="Tree:008" x="93" y="31" />
				<object prototype="Tree:008" x="93" y="34" />
				<object prototype="Tree:008" x="93" y="37" />
				<object prototype="Tree:008" x="93" y="40" />
				<object prototype="Tree:008" x="93" y="43" />
				<object prototype="Tree:008" x="93" y="46" />
				<object prototype="Tree:008" x="93" y="49" />
				<object prototype="Tree:008" x="93" y="52" />
				<object prototype="Tree:008" x="93" y="55" />
				<object prototype="Tree:008" x="93" y="58" />
				<object prototype="Tree:008" x="93" y="61" />
				<object prototype="Tree:008" x="93" y="64" />
				<object prototype="Tree:008" x="93" y="67" />
				<object prototype="Tree:008" x="93" y="70" />
				<object prototype="Tree:008" x="93" y="73" />
				<object prototype="Tree:008" x="93" y="76" />
				<object prototype="Tree:008" x="93" y="79" />
				<object prototype="Tree:008" x="93" y="82" />
				<object prototype="Tree:008" x="93" y="85" />
				<object prototype="Tree:008" x="93" y="88" />
				<object prototype="Tree:008" x="93" y="91" />
				<object prototype="Tree:008" x="93" y="94" />
				<object prototype="Tree:008" x="93" y="97" />
				<object prototype="Tree:008" x="93" y="99" />
				<object prototype="Tree:008" x="93" y="101" />

				<object prototype="Tree:008" x="0" y="101" />
				<object prototype="Tree:008" x="3" y="101" />
				<object prototype="Tree:008" x="6" y="101" />
				<object prototype="Tree:008" x="9" y="101" />
				<object prototype="Tree:008" x="12" y="101" />
				<object prototype="Tree:008" x="15" y="101" />
				<object prototype="Tree:008" x="18" y="101" />
				<object prototype="Tree:008" x="21" y="101" />
				<object prototype="Tree:008" x="24" y="101" />
				<object prototype="Tree:008" x="27" y="101" />
				<object prototype="Tree:008" x="30" y="101" />
				<object prototype="Tree:008" x="33" y="101" />
				<object prototype="Tree:008" x="36" y="101" />
				<object prototype="Tree:008" x="39" y="101" />
				<object prototype="Tree:008" x="42" y="101" />
				<object prototype="Tree:008" x="45" y="101" />
				<object prototype="Tree:008" x="48" y="101" />
				<object prototype="Tree:008" x="51" y="101" />
				<object prototype="Tree:008" x="54" y="101" />
				<object prototype="Tree:008" x="57" y="101" />
				<object prototype="Tree:008" x="60" y="101" />
				<object prototype="Tree:008" x="63" y="101" />
				<object prototype="Tree:008" x="66" y="101" />
				<object prototype="Tree:008" x="69" y="101" />
				<object prototype="Tree:008" x="72" y="101" />
				<object prototype="Tree:008" x="75" y="101" />
				<object prototype="Tree:008" x="78" y="101" />
				<object prototype="Tree:008" x="81" y="101" />
				<object prototype="Tree:008" x="84" y="101" />
				<object prototype="Tree:008" x="87" y="101" />
				<object prototype="Tree:008" x="90" y="101" />
				<object prototype="Tree:008" x="93" y="101" />
				<object prototype="Tree:008" x="95" y="101" />

				<object prototype="Tree:003" x="12" y="25" />
				<object prototype="Tree:024" x="12" y="29" />
				<object prototype="Tree:008" x="15" y="40" />
				<object prototype="Tree:023" x="16" y="30" />
				<object prototype="Tree:003" x="20" y="33" />
				<object prototype="Tree:024" x="21" y="37" />

				<object prototype="Tree:007" x="82" y="72" />

				<object prototype="Tree:002" x="17" y="16" />
				<object prototype="Tree:023" x="17" y="19" />
				<object prototype="Tree:024" x="21" y="15" />
				<object prototype="Tree:003" x="21" y="18" />
				<object prototype="Tree:012" x="26" y="16" />

				<object prototype="Tree:007" x="58" y="90" />
				<object prototype="Tree:007" x="61" y="90" />
			</objects>
		</layer>
	</elevation>
</map>
